{"cameraMode":{"drawMode":0,"name":"Shaded","section":"Shading Mode"},"sceneLighting":false,"audioPlay":false,"sceneViewState":{"showFog":true,"showMaterialUpdate":false,"showSkybox":true,"showFlares":true,"showImageEffects":true,"showParticleSystems":true},"in2DMode":false,"pivot":{"x":12.441838264465332,"y":-0.7605605125427246,"z":-2.6062729358673097},"rotation":{"x":-0.03161679580807686,"y":-0.37997329235076907,"z":-0.012996545992791653,"w":0.924372673034668},"size":6.144111633300781,"orthographic":false}